ID_Capsula_Padre,Titulo_Episodio,Link_YouTube
amplificado,(HD) FRIKSTAILERS / VENUS : AMPLIFICADO (ARGENTINA),https://www.youtube.com/watch?v=UMzbtByXj9k
amplificado,AGRUPACIÓN CARIÑO / TANTAS GANAS : AMPLIFICADO (MÉXICO),https://www.youtube.com/watch?v=RusGvVVO0TA
amplificado,"I.R.A. / ANTISOCIAL : AMPLIFICADO (MEDELLIN, COLOMBIA)",https://www.youtube.com/watch?v=zsdDMd0rdd8
amplificado,"(HD) ALFREDO GUTIERREZ / ANHELOS : AMPLIFICADO (SABANAS DE BELTRÁN, SUCRE, COLOMBIA)",https://www.youtube.com/watch?v=MnGCKeiLEJQ
amplificado,"PERNETT / HOY ES MAÑANA : AMPLIFICADO (BARRANQUILLA, COLOMBIA) EN VIVO",https://www.youtube.com/watch?v=EpToZGo4p88
amplificado,"CHARLES KING / EL MARTILLO : AMPLIFICADO (CARTAGENA, COLOMBIA) EN VIVO",https://www.youtube.com/watch?v=Xv0Xng4M0XQ
amplificado,"PETRONA MARTÍNEZ / UN NIÑO LLORA EN LOS MONTES DE MARÍA : AMPLIFICADO (BOLÍVAR, COLOMBIA)",https://www.youtube.com/watch?v=Ab5XqeTD8IM
amplificado,LOS TRES / DÉJATE CAER: AMPLIFICADO (CHILE) EN VIVO,https://www.youtube.com/watch?v=V_cX2Eek7ug
amplificado,"LA MINITK DEL MIEDO / EL VACILÓN DE ULTRATUMBA : AMPLIFICADO (BOGOTÁ, COLOMBIA) EN VIVO",https://www.youtube.com/watch?v=PbBE_hPaBs0
amplificado,"MARY HELLEN / IDIOMA UNIVERSAL (MEDELLIN, COLOMBIA) EN VIVO",https://www.youtube.com/watch?v=nGt-0i9hgeU
amplificado,"KOYI K UTHO / DEMENTIAL STATE : AMPLIFICADO (BOGOTÁ, COLOMBIA) EN VIVO",https://www.youtube.com/watch?v=lw4bUhn-puw
amplificado,"SUPERANFOR / BARRIO CHICO : AMPLIFICADO (BOGOTÁ, COLOMBIA)",https://www.youtube.com/watch?v=7huf1oQvKzw
amplificado,"FATSO / SNAKE EYES : AMPLIFICADO (BOGOTÁ, COLOMBIA)",https://www.youtube.com/watch?v=nACJzuWAb3c
amplificado,"BUENDÍA / TRAS DE MI : AMPLIFICADO (BOGOTÁ, COLOMBIA)",https://www.youtube.com/watch?v=uI_Kl8mlApo
amplificado,"MILMARIAS / LA PALMERA VOLADORA : AMPLIFICADO (BOGOTÁ, COLOMBIA)",https://www.youtube.com/watch?v=p2pwFZnBsXQ
amplificado,"TELEBIT / SOMBRAS : AMPLIFICADO (BOGOTÁ, COLOMBIA)",https://www.youtube.com/watch?v=Ag7VE-jawN4
amplificado,"PEDRINA Y RIO / ENAMORADA : AMPLIFICADO (BOGOTÁ, COLOMBIA)",https://www.youtube.com/watch?v=xCcrH-oIh5U
amplificado,ESTER RADA / LIFE HAPPENS : AMPLIFICADO WOMEX 2014,https://www.youtube.com/watch?v=ScYGJL4FTlI
amplificado,"SON YUBARTA / SOY CHOCÓ : AMPLIFICADO (CHOCÓ, COLOMBIA)",https://www.youtube.com/watch?v=RwxjaRUkn08
amplificado,"AGRUPACIÓN CHANGÓ / FOLCLOR DE MI TIERRA : AMPLIFICADO (TUMACO, COLOMBIA)",https://www.youtube.com/watch?v=KvoxUKlQxoA
amplificado,Elkin Robinson / Keep it calm : Llorona Records -,https://www.youtube.com/watch?v=qVFRaIU7qGw
amplificado,TRIBU BAHARU / EL BESITO / AMPLIFICADO (COLOMBIA),https://www.youtube.com/watch?v=kzxikab2xrg
amplificado,WOMEX: WORLD MUSIC EXPO 2014 (DELEGACIÓN COLOMBIAN,https://www.youtube.com/watch?v=DOokCsNdhKY
amplificado,"(HD) CHARLES KING / EL CHOCHO : AMPLIFICADO (CARTAGENA, COLOMBIA)",https://www.youtube.com/watch?v=RrlDB_ceNY8
amplificado,(HD) SONDORGO / DRAGO KOLO : AMPLIFICADO (HUNGRIA),https://www.youtube.com/watch?v=oVKt2mSrnUU
amplificado,"(HD) LA YEGROS / TROCITOS DE MADERA : AMPLIFICADO (BUENOS AIRES, ARGENTINA)",https://www.youtube.com/watch?v=r4nqK3fUG6k
amplificado,"(HD) BURNING CARAVAN / MAIAKOVSKI : AMPLIFICADO (BOGOTA, COLOMBIA)",https://www.youtube.com/watch?v=4a6SSTvHcXU
amplificado,"(HD) ALFREDO GUTIERREZ / FESTIVAL EN GUARARÉ : AMPLIFICADO (SABANAS DE BELTRÁN, SUCRE, COLOMBIA)",https://www.youtube.com/watch?v=EBXxuguoQpk
amplificado,"(HD) SEMBRANDO JOROPO /  LA CHIPOLA : AMPLIFICADO (CASANARE, COLOMBIA)",https://www.youtube.com/watch?v=5q26Pc7__fg
amplificado,"(HD) LOS PIRAÑAS / SIR DE GUSANO : AMPLIFICADO (BOGOTÁ, COLOMBIA)",https://www.youtube.com/watch?v=yNrgrjlUF-E
amplificado,(HD) TRIPLE X / TRIPLE X EN ESTÉREO : AMPLIFICADO,https://www.youtube.com/watch?v=2NfGojugWsE
amplificado,(HD) MULATU ASTATKE Y CURUPIRA / PERRO A CUADROS : AMPLIFICADO  (ETIOPÍA/ COLOMBIA),https://www.youtube.com/watch?v=Qy4pDGVK53g
amplificado,"(HD) LA SANTA CECILIA / LA MONEDITA : AMPLIFICADO (LOS ÁNGELES, USA)",https://www.youtube.com/watch?v=ZkzsTMaOBXU
amplificado,(HD) JUANA MOLINA / BICHO AUTO : AMPLIFICADO (ARGENTINA),https://www.youtube.com/watch?v=q-8-lPa0ufQ
amplificado,"(HD) LA 33 / SOLEDAD : AMPLIFICADO (BOGOTÁ, COLOMBIA)",https://www.youtube.com/watch?v=XfqQqjpeY90
amplificado,"SEÑAL AMPLIFICADO, LATINOAMÉRICA EN VIVO! (SABADOS Y DOMINGOS 10PM)",https://www.youtube.com/watch?v=497KUUkHWBI
amplificado,(HD) AGRUPACION CARIÑO / TE QUIERO : AMPLIFICADO (MÉXICO),https://www.youtube.com/watch?v=7z9hPEaBoqc
amplificado,"(HD) SON RUMBERO'S / GAVILAN SABANERO : AMPLIFICADO (MEDELLÍN, COLOMBIA)",https://www.youtube.com/watch?v=C66z9AsdUIU
amplificado,(HD) LULACRUZA / DOÑA DOÑA : AMPLIFICADO (ARGENTINA),https://www.youtube.com/watch?v=j0--8URpWWE
amplificado,(HD) PUERTO CANDELARIA / CUMBIA REBELDE : AMPLIFICADO (COLOMBIA),https://www.youtube.com/watch?v=0JRCXheZfWo
amplificado,(HD) FRIKSTAILERS / KEPLER : AMPLIFICADO (ARGENTINA),https://www.youtube.com/watch?v=aWNh3PfYEJk
amplificado,"(HD) MR BLEAT / CHICOS, CHICAS : AMPLIFICADO (COLOMBIA)",https://www.youtube.com/watch?v=BY3LOOt4rKY
amplificado,(HD) CARLOS RICO / UN LLANERO DE CASTA : AMPLIFICADO (CIMARRON DE CIMARRONES),https://www.youtube.com/watch?v=3URhbrlPfMc
amplificado,REBEL CATS / PRISIONERO : AMPLIFICADO (MÉXICO),https://www.youtube.com/watch?v=vZdvhARU75E
amplificado,(HD) BUENDÍA / FIREFLIES : AMPLIFICADO (COLOMBIA),https://www.youtube.com/watch?v=fD0Y2ruBV-U
amplificado,(HD) PERNETT / ESTA NOCHE : AMPLIFICADO (COLOMBIA),https://www.youtube.com/watch?v=xPUG-EIZ4sE
amplificado,(HD) JUANA MOLINA / LO DECIDÍ YO : AMPLIFICADO (ARGENTINA),https://www.youtube.com/watch?v=oPjdWHYGHSY
amplificado,LOS TRES / TIRATE: AMPLIFICADO (CHILE) EN VIVO,https://www.youtube.com/watch?v=x-yej4UlGAE
amplificado,(HD) LUZMILA CARPIO / YANAPARIWAIKU : AMPLIFICADO (BOLIVIA),https://www.youtube.com/watch?v=zhrcuUkxPms
amplificado,"(HD) TRIPLE X / URIBE NO HA MUERTO : AMPLIFICADO (BOGOTÁ, COLOMBIA)",https://www.youtube.com/watch?v=W0hZBR9NOX0
amplificado,(HD) TRIPLEX EN AMPLIFICADO!!!,https://www.youtube.com/watch?v=liZptlsOxHo
amplificado,"(HD) I.R.A. / FIRMES : AMPLIFICADO (MEDELLIN, COLOMBIA)",https://www.youtube.com/watch?v=ooIiX6YVPhc
amplificado,(HD) PETRONA MARTÍNEZ / EL VENTARRÓN : AMPLIFICADO (COLOMBIA)  EN VIVO,https://www.youtube.com/watch?v=JaD8fw_AtBc
amplificado,(HD) LOS VEGA / EL PAJARO CU : AMPLIFICADO (MEXICO),https://www.youtube.com/watch?v=rf8W5RmyAPQ
amplificado,(HD) SON RUMBERO´S / AMPLIFICADO EN MEDELLIN,https://www.youtube.com/watch?v=SAuGgX3oxI0
amplificado,(HD) KOYI K UTHO / MECHANICAL ANIMAL : AMPLIFICADO (COLOMBIA),https://www.youtube.com/watch?v=nMW5SnmD39Y
amplificado,(HD) MARKY RAMONE'S BLITZKRIEG EN BOGOTA : AMPLIFICADO,https://www.youtube.com/watch?v=ePcxeZ2F6Dg
amplificado,"(HD) HELLO AMPLIFICADO!! : KUSTURICA AND THE NO SMOKING BAND, BOGOTA, COLOMBIA",https://www.youtube.com/watch?v=1Ycrv8ojvtI
amplificado,"(HD) COLOMBIA EN WOMEX 2013 / CARDIFF, WALES, UK",https://www.youtube.com/watch?v=GY9MOAMjgxw
amplificado,(HD) GORGEUS GEORGE / JULIUS CAESAR : AMPLIFICADO (LONDRES),https://www.youtube.com/watch?v=cd7LkAM9thY
amplificado,(HD) WARA / LEAVE TO REMAIN : AMPLIFICADO (LONDRES),https://www.youtube.com/watch?v=bXCXX0Q0Xig
amplificado,(HD) SUPERANFOR / VOX POPULI : AMPLIFICADO (COLOMBIA),https://www.youtube.com/watch?v=sKy6XYtZ8hg
amplificado,(HD) LA MINITK DEL MIEDO / YO REINARÉ: AMPLIFICADO (COLOMBIA),https://www.youtube.com/watch?v=I3Zh-c9D5xA
amplificado,(HD) LA 33 / PATACÓN CON QUESO : AMPLIFICADO (COLOMBIA),https://www.youtube.com/watch?v=IbA72cPPWgw
amplificado,(HD) ALFREDO GUTIERREZ / LOS NOVIOS : AMPLIFICADO (COLOMBIA),https://www.youtube.com/watch?v=F_a1ED7fZ3A
amplificado,(HD) ALFREDO GUTIERREZ EN AMPLIFICADO,https://www.youtube.com/watch?v=jbBGI0wLePc
amplificado,"(HD) CHARLES KING / BICARBONATO : AMPLIFICADO (CARTAGENA, COLOMBIA)",https://www.youtube.com/watch?v=HQeTG9TYdyk
amplificado,(HD) CHARLES KING EN AMPLIFICADO.TV,https://www.youtube.com/watch?v=t80niskHIvM
amplificado,(HD) GRUPO BONGAR / A REA : AMPLIFICADO (WOMEX 2013),https://www.youtube.com/watch?v=lU4D_K838r0
amplificado,"(HD) LE-MAT / 5-7-5 : AMPLIFICADO (MONTERREY, MEXICO)",https://www.youtube.com/watch?v=H7O_gAmOiuo
amplificado,(HD) LA MERCOSUR FT DONAUSA / YO VENGO DE MI TIERRA : AMPLIFICADO Y EL TRUEQUE (COLOMBIA),https://www.youtube.com/watch?v=drTh_qMoMH4
amplificado,(HD) NANOOK EL ULTIMO ESQUIMAL / ZAN RYU NIPPON HEI : AMPLIFICADO (COLOMBIA),https://www.youtube.com/watch?v=yws7hkFt60g
amplificado,(HD) JEDD HOLDEN / LONELY BOY : AMPLIFICADO (LONDRES),https://www.youtube.com/watch?v=XPKWqtI6wcc
amplificado,(HD) JOAQUÍN RICO / NACÍ LLANERO : AMPLIFICADO (FESTIVAL CIMARRÓN DE ORO),https://www.youtube.com/watch?v=f2LeLhEqwyk
amplificado,(HD) WINSTON MCANUFF & FIXI FEAT. MARKUS : AMPLIFICADO (WOMEX 2013),https://www.youtube.com/watch?v=0w2_81NUTzE
amplificado,(HD) LITTLE JESUS / AZUL : AMPLIFICADO  / (MÉXICO),https://www.youtube.com/watch?v=AsNBHqRV664
amplificado,(HD) LOS PIRAÑAS / SIN REACCION : AMPLIFICADO (COLOMBIA),https://www.youtube.com/watch?v=p5uYNYLm4zU
amplificado,(HD) PULENTA FT. MASAI BAN GO / GOLPE AL MUNDO : AMPLIFICADO Y EL TRUEQUE (COLOMBIA),https://www.youtube.com/watch?v=sW82SPqBBlI
amplificado,(HD) HERENCIA DE TIMBIQUI / AMANECE : AMPLIFICADO (COLOMBIA),https://www.youtube.com/watch?v=QbDao-JTEcE
amplificado,(HD) TETA & KIRA / KABARY LAVA : AMPLIFICADO EN EL WOMEX (MADAGASCAR),https://www.youtube.com/watch?v=TgLdVccQAq8
amplificado,(HD) AURORA / TRANSPARENTE : AMPLIFICADO (ESPAÑA),https://www.youtube.com/watch?v=7Lprw-EWnYA
amplificado,(HD) BURNING CARAVAN / JARDIN SECRETO : AMPLIFICADO (COLOMBIA),https://www.youtube.com/watch?v=euGiAFfi7kY
amplificado,(HD) MCKLOPEDIA / ADORO : AMPLIFICADO (VENEZUELA),https://www.youtube.com/watch?v=_8MUX6CRb-8
amplificado,(HD) MARLEY MUERTO / TREN : AMPLIFICADO (ECUADOR),https://www.youtube.com/watch?v=E7zV0eESHz0
amplificado,(HD) NANOOK EL ULTIMO ESQUIMAL / CUMPLEAÑOS : AMPLIFICADO (COLOMBIA),https://www.youtube.com/watch?v=YTYT0eqaJ2A
amplificado,(HD) NANOOK EL ÚLTIMO ESQUIMAL /ENTREVISTA : AMPLIFICADO (COLOMBIA),https://www.youtube.com/watch?v=4NTFmR7LhPg
amplificado,(HD) 1280 ALMAS / SOLEDAD CRIMINAL : AMPLIFICADO (COLOMBIA),https://www.youtube.com/watch?v=f6zQC7OEpzs
amplificado,(HD) CORAL GROUP / MAZORCA : AMPLIFICADO (SAN ANDRES Y PROVIDENCIA),https://www.youtube.com/watch?v=LT09EKmhFV0
amplificado,(HD) AUSTIN TV / EL HOMBRE PÁNICO : AMPLIFICADO (MÉXICO),https://www.youtube.com/watch?v=IC4xTNC2nZY
amplificado,(HD) JUAN CIREROL / MI CORAZON LLORO : AMPLIFICADO (MÉXICO),https://www.youtube.com/watch?v=zYuwcnuIN90
amplificado,(HD) CUMBIA ALL STARS / LA DANZA DE LOS MIRLOS : AMPLIFICADO.TV (PERÚ),https://www.youtube.com/watch?v=qE-F_-8k1_M
amplificado,(HD) ELKIN ROBINSON / FISHINING : AMPLIFICADO.TV (SAN ANDRES Y PROVIDENCIA),https://www.youtube.com/watch?v=ua25KKOUPW8
amplificado,(HD) 1280 SOULS / ANTIPATRIOT: AMPLIFIED (COLOMBIA),https://www.youtube.com/watch?v=UOyHlaK2gPw
amplificado,(HD) LA LA / MANGO : AMPLIFIED (PERU),https://www.youtube.com/watch?v=ksY0hPOiIZE
amplificado,(HD) AUTOBUS / MAQUINA DESTRUCCION : AMPLIFICADO (PERÚ),https://www.youtube.com/watch?v=KQkhrTNosPw
amplificado,(HD) SOL OKARINA / FLORES Y VESTIDOS  : AMPLIFICADO (COLOMBIANA),https://www.youtube.com/watch?v=fP8EM_48ZVc
amplificado,(HD) ALGUACIL☆ FEAT. PIH POH / REFUGIADOS : AMPLIFICADO.TV (COLOMBIA),https://www.youtube.com/watch?v=w3HcRhoSvDk
amplificado,(HD) MORGANS HEAD NEW TROPICAL BAND / LA CUCARACHA. : AMPLIFICADO (SAN ANDRES Y PROVIDENCIA),https://www.youtube.com/watch?v=a0yfsD6292o
amplificado,(HD) TLOWKE SEHUME / MUSIC OF THE DAY: AMPLIFICADO Y LLORONA RECORDS (SUDAFRICA),https://www.youtube.com/watch?v=v0FpM6axirI
amplificado,(HD) AUSTIN TV / (AUNQUE MIS LABIOS NO SE MUEVEN) MI CEREBRO SONRÍE : AMPLIFICADO (MÉXICO),https://www.youtube.com/watch?v=MRu8zFBujAI
amplificado,(HD) ELKIN ROBINSON / SWEET MENTO : AMPLIFICADO (SAN ANDRES Y PROVIDENCIA),https://www.youtube.com/watch?v=IO6lMBW0A3A
amplificado,(HD) ALEJANDRO Y MARIA LAURA / LOS FANTASMAS : AMPLIFICADO (PERÚ),https://www.youtube.com/watch?v=o-LV8VhZU0Q
amplificado,(HD) BLK JKS / TSELANE : AMPLIFICADO Y LLORONA RECORDS (SUDAFRICA),https://www.youtube.com/watch?v=rop4ZQWP6i0
amplificado,(HD) KANAKU & EL TIGRE / EL NINO ANTORCHA : AMPLIFICADO (PERÚ),https://www.youtube.com/watch?v=pu1PAFyr718
amplificado,(HD) PROHIBIDO EL PASO FEAT. TAVO / BAILALO MONO : AMPLIFICADO (SAN ANDRES Y PROVIDENCIA MINEC 2013),https://www.youtube.com/watch?v=2X6lZkJ44bA
amplificado,(HD) ROYAL RUDES / ELVIA : AMPLIFICADO (SAN ANDRES Y PROVIDENCIA),https://www.youtube.com/watch?v=JAvupsgjPA8
amplificado,(HD) CUMBIA ALL STARS / PÁJARO BONITO : AMPLIFICADO (PERÚ),https://www.youtube.com/watch?v=e6YTVZxSbOs
amplificado,(HD) AUTOBUS / ANIMAL : AMPLIFICADO (PERÚ),https://www.youtube.com/watch?v=Lw9fyGfR0jc
amplificado,(HD) ORANGE HILL / SOCA MUSIC : AMPLIFICADO (SAN ANDRÉS Y PROVIDENCIA),https://www.youtube.com/watch?v=c04jMqPaElQ
amplificado,(HD) MUSIC FROM MY LAND / NO TE QUIERO ODIAR : AMPLIFICADO (SAN ANDRÉS Y PROVIDENCIA),https://www.youtube.com/watch?v=Ra05UBpzKB8
amplificado,(HD) JUAN CIREROL / EL ASESINO : AMPLIFICADO (MÉXICO),https://www.youtube.com/watch?v=dHQZ8rMNbPE
amplificado,(HD) PABLO MALAURIE / EL MIEDO NO : AMPLIFICADO (ARGENTINA),https://www.youtube.com/watch?v=zUPVN_rcudU
amplificado,(HD) AUSTIN TV / ELLA NO ME CONOCE - AROUND THE WORLD - DAFT PUNK COVER : AMPLIFICADO (MÉXICO),https://www.youtube.com/watch?v=nM_uwGqaCgQ
amplificado,(HD) CREOLE GROUP / LUCELIA : AMPLIFICADO (SAN ANDRES Y PROVIDENCIA),https://www.youtube.com/watch?v=82pi7oz6Fd0
amplificado,(HD) GRUPO CANALÓN DE TIMBIQUÍ / CUANDO VIRE A MI DIOS (ALABADO) : AMPLIFICADO,https://www.youtube.com/watch?v=bkqIE5ZTZAw
amplificado,(HD) LALA / SELVANEGRA : AMPLIFICADO (PERÚ),https://www.youtube.com/watch?v=FxECgQO_rE4
amplificado,(HD) KANAKU & EL TIGRE / EL FUNERAL : AMPLIFICADO (PERÚ),https://www.youtube.com/watch?v=4LwuD2xESOQ
amplificado,(HD) ELIJAH / ALL I GOT TO DO : AMPLIFICADO (SAN ANDRES Y PROVIDENCIA),https://www.youtube.com/watch?v=aWTaLUfc7bc
amplificado,(HD) ALEJANDRO Y MARIA LAURA / SENSUAL INTERGALACTICA : AMPLIFICADO (PERÚ),https://www.youtube.com/watch?v=17JaOIFtTQ0
amplificado,(HD) BALANCER / IN THE HIGHLANDS: AMPLIFICADO EN EL FESTIVAL YAVERIA,https://www.youtube.com/watch?v=JEgJ_pfnsRc
amplificado,(HD) CORAL GROUP / BLACK PARROT : AMPLIFICADO (SAN ANDRES Y PROVIDENCIA),https://www.youtube.com/watch?v=6JdnZZ8WnPs
amplificado,(HD)  RADIO MATUNA / GRIS VIDEOCLIP OFICIAL: AMPLIFICADO (COLOMBIA),https://www.youtube.com/watch?v=UcmmqKRJjUA
amplificado,(HD) VALERIA CINI / GUARAÑA DE LAS LUCES : AMPLIFICADO (ARGENTINA),https://www.youtube.com/watch?v=zyfXT5WRqgs
amplificado,(HD) CHIRIMIA DEL RIO NAPI / ARRIBA QUE NO ES ABAJO : AMPLIFICADO (COLOMBIA),https://www.youtube.com/watch?v=AYlXK1xNozA
amplificado,(HD) LAS ROBERTAS / MARLENE : AMPLIFICADO (COSTA RICA),https://www.youtube.com/watch?v=BMu24wB7kJs
amplificado,(HD) MUSIC FROM MY LAND / I JUST WANT TO LOVE YOU : AMPLIFICADO(SAN ANDRÉS Y PROVIDENCIA),https://www.youtube.com/watch?v=ebIIhFYYdNw
amplificado,(HD) EL HIPNOTIZADOR ROMANTICO / COMO VERDURITA FRESCA : AMPLIFICADO (ARGENTINA),https://www.youtube.com/watch?v=2qVqVSljqMQ
amplificado,(HD) CUMBIA ALL STARS / LA DANZA DE LA TORTUGA : AMPLIFICADO (PERÚ),https://www.youtube.com/watch?v=mOPfVIQImiA
amplificado,(HD) ALGUACIL☆ FEAT. PIH POH / REBEL SOUNDS : AMPLIFICADO (COLOMBIA),https://www.youtube.com/watch?v=zzJgSDQFmDY
amplificado,(HD) MARTIN BUSCAGLIA / ANTE LA DUDA TODO : AMPLIFICADO (URUGUAY),https://www.youtube.com/watch?v=HTwqSVkw4fw
amplificado,(HD) CORAL GROUP / COCONUT WOMAN : AMPLIFICADO (SAN ANDRES Y PROVIDENCIA),https://www.youtube.com/watch?v=S18HEazgxeo
amplificado,(HD) ULTIMO EXPRESSO / HEROES MUDOS : AMPLIFICADO.TV (ARGENTINA),https://www.youtube.com/watch?v=1mlCDasVMRI
amplificado,(HD) LA DESGRACIA EN COMPAÑIA / JUDIO CONVERSO : AMPLIFICADO (COLOMBIA),https://www.youtube.com/watch?v=lO-A45I_Pg4
amplificado,(HD) KANAKU & EL TIGRE / CARACOLES : AMPLIFICADO (PERÚ),https://www.youtube.com/watch?v=oxZrPF4Z-gM
amplificado,(HD) PAUCHI SASAKI / IMPROVISACION 1: AMPLIFICADO (PERÚ),https://www.youtube.com/watch?v=aPS7-KvY1SU
amplificado,(HD) GAITEROS DE SAN JACINTO / ZAFRAS : AMPLIFICADO (COLOMBIA),https://www.youtube.com/watch?v=DirzVKbmSEk
amplificado,(HD) JUAN CIREROL / ERES TAN CRUEL : AMPLIFICADO(MÉXICO),https://www.youtube.com/watch?v=C2DLMVlpnTc
amplificado,(HD) PROPHET NEGUS / 500 YEARS : AMPLIFICADO (SAN ANDRES Y PROVIDENCIA),https://www.youtube.com/watch?v=eGfVh-vKoMc
amplificado,(HD) EL REMOLÓN / CONSTITUCIÓN : AMPLIFICADO (ARGENTINA),https://www.youtube.com/watch?v=eY7SVqfS7q0
amplificado,(HD) PAITO / LA QUE SE PEGUA : AMPLIFICADO (COLOMBIA),https://www.youtube.com/watch?v=OC1UgJqOd7A
amplificado,(HD) BALANCER / STAY OUTSIDE : AMPLIFICADO (FESTIVAL YAVERIA 2013 ),https://www.youtube.com/watch?v=jD806-J0uiw
amplificado,(HD) ROYAL RUDES / WHAT YOU GONNA DO : AMPLIFICADO (SAN ANDRES Y PROVIDENCIA),https://www.youtube.com/watch?v=05SNiSFVXyc
amplificado,(HD) Campo Alegre - Los Gaiteros de San Jacinto / Así tocan los indios VIDEOCLIP OFICIAL (COLOMBIA),https://www.youtube.com/watch?v=seP2NFCxHhY
amplificado,(HD) GRUPO CANALÓN DE TIMBIQUÍ / SAGRADA SANTA MARIA : AMPLIFICADO (COLOMBIA),https://www.youtube.com/watch?v=t5-09Ib7_nc
amplificado,(HD) HETY AND ZAMBO / TEK A RIDE : AMPLIFICADO (SAN ANDRES Y PROVIDENCIA),https://www.youtube.com/watch?v=cGRHfc4HKJo
amplificado,(HD) PABLO MALAURIE / SEYMUR CASSELL : AMPLIFICADO  (ARGENTINA),https://www.youtube.com/watch?v=NbME4OX21wo
amplificado,(HD) MONTE / NEÓN FURIOSO : AMPLIFICADO (COSTA RICA),https://www.youtube.com/watch?v=pwWK_3NZ4QU
amplificado,(HD) CHIRIMIA DEL RIO NAPI :  LOS ALIMENTOS DEL MAIZ : AMPLIFICADO (COLOMBIA),https://www.youtube.com/watch?v=VqqJirYhiok
amplificado,(HD) LA DESGRACIA EN COMPAÑIA FEAT. SISMO / DANIELA : AMPLIFICADO (COLOMBIA),https://www.youtube.com/watch?v=yethwErErYM
amplificado,(HD) VALERIA CINI / CANCION EPICA EN SOBREDOSIS DE POESIA : AMPLIFICADO (ARGENTINA),https://www.youtube.com/watch?v=X1Zn88rIjJQ
amplificado,(HD) GAITEROS DE SAN JACINTO / ROSITA : AMPLIFICADO (COLOMBIA),https://www.youtube.com/watch?v=B9O81r9d-1s
amplificado,(HD) LAS ROBERTAS / DESPAIR : AMPLIFICADO (COSTA RICA),https://www.youtube.com/watch?v=qIDegYoKLvw
amplificado,(HD) PAITO / LA CAMA BERROCHONA : AMPLIFICADO (COLOMBIA) EN VIVO,https://www.youtube.com/watch?v=lPB6DxxInGs
amplificado,(HD) CREOLE GROUP / INSIDE  : AMPLIFICADO.TV (SAN ANDRES Y PROVIDENCIA),https://www.youtube.com/watch?v=wqGTfaK4vB0
amplificado,(HD) SOL OKARINA / DOS VECES CIEN : AMPLIFICADO (COLOMBIA),https://www.youtube.com/watch?v=8hoKr5lsmgA
amplificado,(HD) EL HIPNOTIZADOR ROMANTICO / SI UN COMETA ES NADA QUE PERDER : AMPLIFICADO (ARGENTINA),https://www.youtube.com/watch?v=XYalH5pgsxU
amplificado,(HD) ELIJAH / NEIGHBOR : AMPLIFICADO  (SAN ANDRES Y PROVIDENCIA),https://www.youtube.com/watch?v=fL8K3FtUA2Y
amplificado,(HD) MONTE / CUEVAS : AMPLIFICADO (COSTA RICA),https://www.youtube.com/watch?v=FX2SugkuHhQ
amplificado,(HD) JUAN CIREROL / LA FLORESILLA : AMPLIFICADO  (MÉXICO),https://www.youtube.com/watch?v=fufDNHMAVrE
amplificado,(HD) CANTOS DE RIO / CORTO DOCUMENTAL : AMPLIFICADO Y SOLAR HOUSE FILMS (COLOMBIA),https://www.youtube.com/watch?v=T4afgdnorss
amplificado,(HD) MARTIN BUSCAGLIA / SAGRADO SALADO : AMPLIFICADO (URUGUAY),https://www.youtube.com/watch?v=6ls5bfwvnXk
amplificado,(HD) PLANES (Estudios Universales) / PLANES : AMPLIFICADO (COLOMBIA),https://www.youtube.com/watch?v=7NSpim21JMQ
amplificado,(HD) ORANGE HILL / A BIG CONFUSION  : AMPLIFICADO (SAN ANDRES Y PROVIDENCIA),https://www.youtube.com/watch?v=V9wMFh-zxJ0
amplificado,(HD) GAITEROS DE SAN JACINTO / MI SUSPIRO : AMPLIFICADO (COLOMBIA),https://www.youtube.com/watch?v=0CTZRTl6Aio
amplificado,(HD) ULTIMO EXPRESSO / VIAJE : AMPLIFICADO  (ARGENTINA),https://www.youtube.com/watch?v=m2sBk650UDM
amplificado,(HD) GRUPO CANALÓN DE TIMBIQUÍ / QUE PENA : AMPLIFICADO (COLOMBIA),https://www.youtube.com/watch?v=kGaRks25C0I
amplificado,"(HD) LANZAMIENTO NUEVO ALBUM DE LOS GAITEROS DE SAN JACINTO ""ASI TOCAN LOS INDIOS""",https://www.youtube.com/watch?v=9-VKpcmIbxM
amplificado,(HD) ALGUACIL☆ FEAT. OBIE-P Y DUB SKECHT / FIRE BURN  : AMPLIFICADO  (SAN ANDRES Y PROVIDENCIA),https://www.youtube.com/watch?v=Qoh48lwZ8tM
amplificado,(HD) RENACER CULTURAL  / DÍA DE SAN ANTONIO : AMPLIFICADO EN FESTIVAL NACIONAL DE LA TAMBORA,https://www.youtube.com/watch?v=nyU6dLSDj7o
amplificado,(HD) MR. WILLY B. / SPRING TIME IN TEXAS : AMPLIFICADO (SAN ANDRES Y PROVIDENCIA),https://www.youtube.com/watch?v=haIXRaYdgVk
amplificado,(HD) 1280 ALMAS / TU SONRISA : AMPLIFICADO (COLOMBIA),https://www.youtube.com/watch?v=QYhNhZtucCk
amplificado,(HD) PAMELA RODRIGUEZ / RECONOZCO : AMPLIFICADO (PERÚ),https://www.youtube.com/watch?v=0zEWoF4DUWs
amplificado,(HD) SON PALENQUE / YO ME VOY : AMPLIFICADO (COLOMBIA) EN VIVO,https://www.youtube.com/watch?v=PJBkRO8oP9Y
amplificado,(HD) CAMILA MORENO / INCENDIÉ : AMPLIFICADO (CHILE),https://www.youtube.com/watch?v=j0A-bl3BcP8
amplificado,(HD) ENSAMBLE RIBEREÑO  / NO ME LLEVES FLORES : AMPLIFICADO (FESTIVAL NACIONAL DE LA TAMBORA),https://www.youtube.com/watch?v=KrfUKo75BHA
amplificado,(HD) MR. WILLY B. / ARROYO : AMPLIFICADO.TV (SAN ANDRES Y PROVIDENCIA),https://www.youtube.com/watch?v=RGkCirjlHxQ
amplificado,"(HD) LE CHAT LUNATIQUE / SONGE D'AUTOMNE : AMPLIFICADO (NEW MÉXICO,USA)",https://www.youtube.com/watch?v=FsCFbY9-ybM
amplificado,(HD) SON PALENQUE / MONA MI : AMPLIFICADO (COLOMBIA) EN VIVO,https://www.youtube.com/watch?v=MJg27qg1t30
amplificado,(HD) AFRICALI / DÓNDE ESTÁN? : AMPLIFICADO (FESTIVAL YAVERÍA),https://www.youtube.com/watch?v=0kXQz7gTv7Q
amplificado,(HD) CAMILA MORENO / LO CIERTO : AMPLIFICADO (CHILE),https://www.youtube.com/watch?v=B6nqHOAMZvg
amplificado,(HD) LOS MALDITOS / PIÑA COLADA : AMPLIFICADO (COLOMBIA),https://www.youtube.com/watch?v=6Pu3uvz7DJo
amplificado,(HD) JUVENTUD SANMARTINENSE  / QUE VIVA COLOMBIA : AMPLIFICADO (FESTIVAL NACIONAL DE LA TAMBORA),https://www.youtube.com/watch?v=KUfVwdb31A8
amplificado,(HD) YACAMBÚ / EL HILO : AMPLIFICADO (FESTIVAL NACIONAL DE LA TAMBORA),https://www.youtube.com/watch?v=RCCjgXxz3lk
amplificado,(HD) NATALIA LAFOURCADE / UN DERECHO DE NACIMIENTO : AMPLIFICADO (MÉXICO),https://www.youtube.com/watch?v=1B2IyN4f_SE
amplificado,(HD) GAITEROS DE SAN JACINTO / VIENE AMANECIENDO : AMPLIFICADO  (COLOMBIA),https://www.youtube.com/watch?v=9iSgYI5d9P8
amplificado,(HD) MERCADO INSULAR DE EXPRESIONES CULTURALES 2012 : AMPLIFICADO (SAN ANDRES Y PROVIDENCIA),https://www.youtube.com/watch?v=3eRYJBE_-IQ
amplificado,(HD) PLANES (Estudios Universales) / BAHIA T : AMPLIFICADO (COLOMBIA),https://www.youtube.com/watch?v=3Bm6hsR3oiI
amplificado,(HD) MR. WILLY B. / MY BONNIE LIES OVER THE OCEAN : AMPLIFICADO.TV (SAN ANDRES Y PROVIDENCIA),https://www.youtube.com/watch?v=hr3dbNcUJ40
amplificado,(HD) FUNDACIÓN CULTURAL EL CHANDE / A LA LUCHA : AMPLIFICADO (FESTIVAL NACIONAL DE LA TAMBORA),https://www.youtube.com/watch?v=B5v7Tr99ELY
amplificado,"(HD) ESTEMAN / QUANDO, QUANDO, QUANDO: AMPLIFICADO (COLOMBIA)",https://www.youtube.com/watch?v=D0orS8bzwnI
amplificado,(HD) TAMBORA LA CANDELARIA / EL NIÑO INMACULADO : AMPLIFICADO ( FESTIVAL NACIONAL DE LA TAMBORA),https://www.youtube.com/watch?v=DsuU-074EjU
amplificado,(HD) RADIO MATUNA / REAL : AMPLIFICADO  (COLOMBIA),https://www.youtube.com/watch?v=G66ZQJ1F0V8
amplificado,"(HD) LE CHAT LUNATIQUE / BOOK AFTERNOON BURNING : AMPLIFICADO  (NEW MÉXICO, USA)",https://www.youtube.com/watch?v=2KCnamO1d3Q
amplificado,(HD) PALOMA DEL CERRO / OBSERVANDO: AMPLIFICADO (ARGENTINA),https://www.youtube.com/watch?v=EcIQ3o_vOaw
amplificado,(HD) JUAN PABLO VEGA / YA NO PUEDO ESTAR LEJOS DE TI : AMPLIFICADO  (FESTIVAL YAVERíA),https://www.youtube.com/watch?v=6ToU0Yc8ktY
amplificado,(HD) ESTEMAN / FRUIT DE LA PASSION : AMPLIFICADO ( FESTIVAL YAVERíA),https://www.youtube.com/watch?v=nu6VF5Dacrc
amplificado,(HD) JULES / COME WITH ME : AMPLIFICADO  (COLOMBIA),https://www.youtube.com/watch?v=PwwYxEv3E0s
amplificado,(HD) PLANES (Estudios Universales) / LONELII : AMPLIFICADO (COLOMBIA),https://www.youtube.com/watch?v=vNtZLQvylb8
amplificado,(HD) LOS MALDITOS / CASH FOR JOHNNY : AMPLIFICADO  (COLOMBIA),https://www.youtube.com/watch?v=TXvW8NqIMUM
amplificado,(HD) ESTEMAN / ROBOT ; AMPLIFICADO (COLOMBIA),https://www.youtube.com/watch?v=HlTjCWXVwuE
amplificado,(HD) GOLPE MALIBU / RIBERA LOBANA: AMPLIFICADO (FESTIVAL NACIONAL DE LA TAMBORA),https://www.youtube.com/watch?v=ZTV9KBUN65A
amplificado,(HD) RADIO MATUNA / SUERTE : AMPLIFICADO (COLOMBIA),https://www.youtube.com/watch?v=uBO1an911QQ
amplificado,"(HD) LE CHAT LUNATIQUE / ENDLESS LULLABY : AMPLIFICADO  / NEW MÉXICO,USA",https://www.youtube.com/watch?v=Y82DqsZ8GO8
amplificado,(HD) LA REVUELTA / AURORA : AMPLIFICADO (COLOMBIA),https://www.youtube.com/watch?v=4JlwayPCUEo
amplificado,(HD) GREGORIO URIBE / DE REPENTE: AMPLIFICADO (COLOMBIA),https://www.youtube.com/watch?v=XwIYTzK2Fco
amplificado,(HD) ALLIGATOR / BRING : AMPLIFICADO  (FESTIVAL YAVERíA),https://www.youtube.com/watch?v=u63hQik1Rcg
amplificado,(HD) JULES / SWEET GIRL : AMPLIFICADO (COLOMBIA),https://www.youtube.com/watch?v=49_TXYhh71k
amplificado,(HD) PLANES (Estudios universales) / LOLA : AMPLIFICADO (COLOMBIA),https://www.youtube.com/watch?v=BMDhfCHuit4
amplificado,(HD) ESTEMAN /  SE NOS PERDIÓ : AMPLIFICADO (COLOMBIA),https://www.youtube.com/watch?v=Sbrzh65lRQo
amplificado,(HD) LOS MALDITOS / TENGO EL 666 : AMPLIFICADO (COLOMBIA),https://www.youtube.com/watch?v=h1ujis_PE9M
amplificado,(HD) LA CUBA / CENIZAS: AMPLIFICADO (FESTIVAL NACIONAL DE LA TAMBORA),https://www.youtube.com/watch?v=wTwHQDza_eM
amplificado,(HD) RADIO MATUNA / MUNTU : AMPLIFICADO (COLOMBIA),https://www.youtube.com/watch?v=jrAsT8x1mdk
amplificado,(HD) LE CHAT LUNATIQUE / HELL TO PAY : AMPLIFICADO (USA),https://www.youtube.com/watch?v=4MsjJ_4gLU4
amplificado,(HD) PALOMA DEL CERRO / BOLITAS DE VIDA: AMPLIFICADO (ARGENTINA),https://www.youtube.com/watch?v=yclg9JMNMj8
amplificado,(HD) NICOLÁS PEÑA / WISH YOU WERE HERE : AMPLIFICADO (FESTIVAL YAVERíA),https://www.youtube.com/watch?v=50DkMe6butU
amplificado,(HD) JULES / STUCK IN A PUDDLE : AMPLIFICADO (COLOMBIA),https://www.youtube.com/watch?v=sncBj-y1Nlg
amplificado,(HD) LA REVUELTA / POR TI : AMPLIFICADO (COLOMBIA),https://www.youtube.com/watch?v=Zj4J5CL7cGI
amplificado,(HD) PLANES (Estudios Universales) / TROLOLO : AMPLIFICADO (COLOMBIA),https://www.youtube.com/watch?v=ui1awggv_ko
amplificado,(HD) LOS MALDITOS / ARMAGEDÓN : AMPLIFICADO (COLOMBIA),https://www.youtube.com/watch?v=PQxJSRTpvWo
amplificado,(HD) ESTEMAN / POBRE CORAZON : AMPLIFICADO (COLOMBIA),https://www.youtube.com/watch?v=34bM4ZP9Z28
amplificado,(HD) MARTINA CAMARGO / EL MOHÁN : AMPLIFICADO (FESTIVAL NACIONAL DE LA TAMBORA),https://www.youtube.com/watch?v=iMkNYvhq1HU
amplificado,(HD) RADIO MATUNA / CHIYANGUA Y CHIRARA : AMPLIFICADO (COLOMBIA),https://www.youtube.com/watch?v=hCASBNhF5s8
amplificado,(HD)  LE CHAT LUNATIQUE / STACHOLOGY: AMPLIFICADO (USA),https://www.youtube.com/watch?v=oe7ywiwGy7A
amplificado,(HD) EL CARMELO / CAMARON : AMPLIFICADO (FESTIVAL PETRONIO ALVAREZ),https://www.youtube.com/watch?v=FWJxvQIlEj0
amplificado,(HD) SISMO / DESPUES DE VER : AMPLIFICADO (COLOMBIA),https://www.youtube.com/watch?v=d-OypK7p_nA
amplificado,(HD) ANA SALIVE / SIGLOS : AMPLIFICADO  (FESTIVAL YAVERíA),https://www.youtube.com/watch?v=vLibfwLbjK8
amplificado,(HD) VEKA / DIME : AMPLIFICADO (COLOMBIA),https://www.youtube.com/watch?v=NiIBYuAk5WI
amplificado,(HD) SISMO / TORNADO (JÓNSI COVER) : AMPLIFICADO (FESTIVAL YAVERíA),https://www.youtube.com/watch?v=4z_SnLMKye4
amplificado,(HD) MONSIEUR PERINÉ / CUCU : AMPLIFICADO (COLOMBIA),https://www.youtube.com/watch?v=ZnfXL1N0Lr4
amplificado,(HD) BENJAMÍN / HYPNO DEL ABISMO : AMPLIFICADO (FESTIVAL YAVERíA),https://www.youtube.com/watch?v=Q-Hp5ReDvug
amplificado,(HD) SOUNDACITY /  SPINNING AROUND : AMPLIFICADO (COLOMBIA),https://www.youtube.com/watch?v=H1w_Pms9QJg
amplificado,(HD) RANCHO APARTE / LA SABIONDA : AMPLIFICADO (FESTIVAL PETRONIO ALVAREZ CALI COLOMBIA),https://www.youtube.com/watch?v=LmOMP-pBSCk
amplificado,(HD) SISMO / CRECE : AMPLIFICADO (COLOMBIA),https://www.youtube.com/watch?v=FHDp3VaQtq4
amplificado,(HD) EL CARMELO / PERIQUITO BLANCO : AMPLIFICADO (FESTIVAL PETRONIO ALVAREZ),https://www.youtube.com/watch?v=XruyGJsPM9U
amplificado,(HD) SON DEL TUNO / FACUNDA : AMPLIFICADO (FESTIVAL PETRONIO ALVAREZ),https://www.youtube.com/watch?v=OUsCAYyVf6A
amplificado,(HD) RESINA LALA / MI SALTO MORTAL: AMPLIFICADO (FESTIVAL YAVERIA),https://www.youtube.com/watch?v=XChK7v1Nw2E
amplificado,(HD) CLASSICSTONE TRIBUTE BAND / ANOTHER BRICK IN THE WALL - PINK FLOYD : AMPLIFICADO (COLOMBIA),https://www.youtube.com/watch?v=ZGR4KujOKWw
amplificado,(HD) VEKA / TU : AMPLIFICADO (COLOMBIA),https://www.youtube.com/watch?v=IWQhwhxHFnM
amplificado,(HD) SOUNDACITY / YOU WON´T TAKE ME DOWN : AMPLIFICADO (COLOMBIA),https://www.youtube.com/watch?v=1zTohF31eYU
amplificado,(HD) MISS BOLIVIA / NOCHE POLAR : AMPLIFICADO (ARGENTINA),https://www.youtube.com/watch?v=bZk9rAKmKoY
amplificado,(HD) MONSIEUR PERINÉ / LA MUERTE : AMPLIFICADO (COLOMBIA),https://www.youtube.com/watch?v=KKveUcAU_Yk
amplificado,(HD) SUMMER C / STOP: AMPLIFICADO (FESTIVAL YAVERIA),https://www.youtube.com/watch?v=V1L6alcIfic
amplificado,(HD) RANCHO APARTE / EL PUHO : AMPLIFICADO (FESTIVAL PETRONIO ALVAREZ CALI COLOMBIA),https://www.youtube.com/watch?v=R5Kg37H51Mg
amplificado,(HD) CLASSICSTONE TRIBUTE BAND / IN THE FLESH - PINK FLOYD: AMPLIFICADO (COLOMBIA),https://www.youtube.com/watch?v=qI0YHSbNf_A
amplificado,(HD) SISMO / LA BUENA ONDA : AMPLIFICADO (COLOMBIA),https://www.youtube.com/watch?v=dGLcPgcyLwM
amplificado,(HD) LOS ALEGRES DE TELEMBÍ / ESE TOCAITO : AMPLIFICADO (FESTIVAL PETRONIO),https://www.youtube.com/watch?v=IH3XKLAishA
amplificado,(HD) VEKA / ¿DÓNDE ESTÁS? : AMPLIFICADO (COLOMBIA),https://www.youtube.com/watch?v=368g44F0-EE
amplificado,(HD) MONSIEUR PERINÉ / LA CIUDAD : AMPLIFICADO (COLOMBIA),https://www.youtube.com/watch?v=UTviQumfCUg
amplificado,(HD) THE HOLLOW BODIES / OLD LOVE : AMPLIFICADO (COLOMBIA),https://www.youtube.com/watch?v=7W-RylNObrE
amplificado,(HD) MISS BOLIVIA / BIEN WARRIOR : AMPLIFICADO (ARGENTINA),https://www.youtube.com/watch?v=WckCWapse6A
amplificado,(HD) SON DEL TUNO / MIGUELITO: AMPLIFICADO (FESTIVAL PETRONIO ALVAREZ),https://www.youtube.com/watch?v=5Zs1RvDIyoU
amplificado,(HD) DËNVER / OLAS GIGANTES : AMPLIFICADO (CHILE),https://www.youtube.com/watch?v=VGnUlAxwpLw
amplificado,(HD) SISMO / CUENTA HASTA 10 : AMPLIFICADO (COLOMBIA),https://www.youtube.com/watch?v=bTJRmgmelZ0
amplificado,(HD) DËNVER / LO QUE QUIERAS : AMPLIFICADO (CHILE),https://www.youtube.com/watch?v=zsOIfqOa9DQ
amplificado,(HD) VEKA / AGUA : AMPLIFICADO (COLOMBIA),https://www.youtube.com/watch?v=UFPT28lyG44
amplificado,(HD) MONSIEUR PERINÉ / SUIN ROMANTICON : AMPLIFICADO (COLOMBIA),https://www.youtube.com/watch?v=98WvYltKgSU
amplificado,(HD) THE HOLLOW BODIES / CHOCOLATE JESUS : AMPLIFICADO (COLOMBIA),https://www.youtube.com/watch?v=di3RpC81-y0
amplificado,(HD) LOS ALEGRES DE TELEMBÍ /¿QUE PASA CON MI COLOMBIA? : AMPLIFICADO (FESTIVAL PETRONIO ALVAREZ),https://www.youtube.com/watch?v=fGwbKzFTCvE
amplificado,(HD) SISMO / PASAJERA DEL TIEMPO : AMPLIFICADO (COLOMBIA),https://www.youtube.com/watch?v=XxmFJr5WOdk
amplificado,(HD) VEKA / TAITA : AMPLIFIED (COLOMBIA),https://www.youtube.com/watch?v=SfGjEV8GRlg
amplificado,MONSIEUR PERINÉ / LA TIENDA DE SOMBREROS : AMPLIFICADO (COLOMBIA),https://www.youtube.com/watch?v=SzVgIJogj5o
amplificado,(HD) THE HOLLOW BODIES / SAINT JAMES INFIRMARY : AMPLIFICADO (COLOMBIA),https://www.youtube.com/watch?v=iltaEt7phFI
amplificado,(HD) SOUNDACITY / AWAKE MY SOUL : AMPLIFICADO (COLOMBIA),https://www.youtube.com/watch?v=tQsvvo3k70s
